Functionality,Productive Frequency,Unproductive Frequency,Variable,Joining,CDR3 AA,CDR3 NT,Diversity,Plus Counts,Minus Counts,Variable Mutation,Total Counts,Frequency,Rank,Variable Gene Allele,Diversity Gene Allele,Joining Gene Allele,Constant Gene,Sequence,Reference Sequence
Unproductive,,0.25701055,TRGV9,TRGJ1,P*SLDYKKL,CCCTAAAGTCTCGATTATAAGAAACTC,,184,46714,0.0,46898,0.1919743914070399,1,01,,01,,AGAGAAACAGGACATAGCTACCTACTACTGTCCCTAAAGTCTCGATTATAAGAAACTCTTTGGCAGTGGAACAACACTGGTTGTCACA,AGAGAAACAGGACATAGCTACCTACTACTGT-------------ATTATAAGAAACTCTTTGGCAGTGGAACAACACTGGTTGTCACA
Unproductive,,0.05926291,TRGV10,TRGJ1,AAWD*RET,GCTGCGTGGGATTAAAGAGAAACTC,,10,10804,0.0,10814,0.04426651602788455,2,02,,01,,AGAGAAAGAAGACATGGCCGTTTACTACTGTGCTGCGTGGGATTAAAGAGAAACTCTTTGGCAGTGGAACAACACTGGTTGTCACA,AGAGAAAGAAGACATGGCCGTTTACTACTGTGCTGCGTGGGATTA---AGAAACTCTTTGGCAGTGGAACAACACTGGTTGTCACA
Productive,0.17386522,,TRGV9,TRGJ1,ALGGYYYKKL,GCCTTGGGCGGGTATTATTATAAGAAACTC,,9,10739,0.0,10748,0.0439963486469117,3,01,,01,,AGAGAAACAGGACATAGCTACCTACTACTGTGCCTTGGGCGGGTATTATTATAAGAAACTCTTTGGCAGTGGAACAACACTGGTTGTCACAG,AGAGAAACAGGACATAGCTACCTACTACTGTGCCTTG-------ATTATTATAAGAAACTCTTTGGCAGTGGAACAACACTGGTTGTCACAG
Productive,0.17032256,,TRGV9,TRGJ1,ALWDGPNYYKKL,GCCTTGTGGGACGGCCCGAATTATTATAAGAAACTC,,10,10519,0.0,10529,0.0430998841555018,4,01,,01,,AGAGAAACAGGACATAGCTACCTACTACTGTGCCTTGTGGGACGGCCCGAATTATTATAAGAAACTCTTTGGCAGTGGAACAACACTGGTTGTCACAG,AGAGAAACAGGACATAGCTACCTACTACTGTGCCTTGTGGGA------GAATTATTATAAGAAACTCTTTGGCAGTGGAACAACACTGGTTGTCACAG
Unproductive,,0.05680778,TRGV2,TRGJ1,ATWDGCIRN,GCCACCTGGGACGGCTGTATAAGAAACTC,,12,10354,0.0,10366,0.04243265259340218,5,01,,01,,GAAAATGACTCTGGGGTCTATTACTGTGCCACCTGGGACGGCTGTATAAGAAACTCTTTGGCAGTGGAACAACACTGGTTGTCACA,GAAAATGACTCTGGGGTCTATTACTGTGCCACCTGGGACGG---TATAAGAAACTCTTTGGCAGTGGAACAACACTGGTTGTCACA
Unproductive,,0.05086176,TRGV10,TRGJ1,AAWDLREWIRN,GCTGCGTGGGACCTAAGGGAGTGGATAAGAAACTC,,11,9270,0.0,9281,0.03799126458801521,6,02,,01,,AGAGAAAGAAGACATGGCCGTTTACTACTGTGCTGCGTGGGACCTAAGGGAGTGGATAAGAAACTCTTTGGCAGTGGAACAACACTGGTTGTCACA,AGAGAAAGAAGACATGGCCGTTTACTACTGTGCTGCGTGGGA-------------ATAAGAAACTCTTTGGCAGTGGAACAACACTGGTTGTCACA
Unproductive,,0.0459241,TRGV9,TRGJ1,VSSEGCPAIPSAV*ET,GTCTCGTCCGAAGGATGTCCGGCCATTCCCTCCGCGGTATAAGAAACTC,,6,8374,0.0,8380,0.03430307049321921,7,01,,01,,AGAGAAACAGGACATAGCTACCTACTACTGTGTCTCGTCCGAAGGATGTCCGGCCATTCCCTCCGCGGTATAAGAAACTCTTTGGCAGTGGAACAACACTGGTTGTCACA,AGAGAAACAGGACATAGCTACCTACTACTGTG------------------------------------TATAAGAAACTCTTTGGCAGTGGAACAACACTGGTTGTCACA
Unproductive,,0.04286615,TRGV2,TRGJ1,ATWDGIRN,GCCACCTGGGATGGTATAAGAAACTC,,6,7816,0.0,7822,0.03201892809044876,8,01,,01,,GAAAATGACTCTGGGGTCTATTACTGTGCCACCTGGGATGGTATAAGAAACTCTTTGGCAGTGGAACAACACTGGTTGTCACA,GAAAATGACTCTGGGGTCTATTACTGTGCCACCTGGGA---TATAAGAAACTCTTTGGCAGTGGAACAACACTGGTTGTCACA
Unproductive,,0.03582957,TRGV10,TRGJ1,AAWDYKGLGL*ET,GCTGCGTGGGATTATAAGGGCTTGGGGTTATAAGAAACTC,,5,6533,0.0,6538,0.02676294449697699,9,02,,01,,AGAGAAAGAAGACATGGCCGTTTACTACTGTGCTGCGTGGGATTATAAGGGCTTGGGGTTATAAGAAACTCTTTGGCAGTGGAACAACACTGGTTGTCACA,AGAGAAAGAAGACATGGCCGTTTACTACTGTGCTGCGTGGGATTA-------------TTATAAGAAACTCTTTGGCAGTGGAACAACACTGGTTGTCACA
Unproductive,,0.03250308,TRGV9,TRGJ1,ALWDRWGN,GCCTTGTGGGATCGATGGGGAAACTC,,7,5924,0.0,5931,0.024278223281060038,10,01,,01,,AGAGAAACAGGACATAGCTACCTACTACTGTGCCTTGTGGGATCGATGGGGAAACTCTTTGGCAGTGGAACAACACTGGTTGTCACA,AGAGAAACAGGACATAGCTACCTACTACTGTGCCTTGTGGGA--------GAAACTCTTTGGCAGTGGAACAACACTGGTTGTCACA
Unproductive,,0.02606932,TRGV10,TRGJ1,AAP*GRN,GCTGCGCCCTAAGGGAGAAACTC,,1836,2921,0.0,4757,0.019472518655876344,11,01,,01,,AGAGAAAGAAGACATGGCCGTTTACTACTGTGCTGCGCCCTAAGGGAGAAACTCTTTGGCAGTGGAACAACACTGGTTGTCACA,AGAGAAAGAAGACATGGCCGTTTACTACTGTGCTGCG---------AGAAACTCTTTGGCAGTGGAACAACACTGGTTGTCACA
Unproductive,,0.02303877,TRGV9,TRGJ1,APRTFLRN,GCCCCGCGTACATTTCTAAGAAACTC,,9,4195,0.0,4204,0.01720884347893718,12,01,,01,,AGAGAAACAGGACATAGCTACCTACTACTGTGCCCCGCGTACATTTCTAAGAAACTCTTTGGCAGTGGAACAACACTGGTTGTCACA,AGAGAAACAGGACATAGCTACCTACTACTGTGCC-------------TAAGAAACTCTTTGGCAGTGGAACAACACTGGTTGTCACA
Productive,0.06760167,,TRGV9,TRGJ1,ALWEVLPAADDKKL,GCCTTGTGGGAGGTCCTTCCTGCCGCCGATGATAAGAAACTC,,2,4177,0.0,4179,0.017106507349780795,13,01,,01,,AGAGAAACAGGACATAGCTACCTACTACTGTGCCTTGTGGGAGGTCCTTCCTGCCGCCGATGATAAGAAACTCTTTGGCAGTGGAACAACACTGGTTGTCACAG,AGAGAAACAGGACATAGCTACCTACTACTGTGCCTTGTGGGAGGT-----------------ATAAGAAACTCTTTGGCAGTGGAACAACACTGGTTGTCACAG
Unproductive,,0.02249623,TRGV9,TRGJ1,ALWEVTLRD*RN,GCCTTGTGGGAGGTGACCCTAAGGGACTGAAGAAACTC,,2,4103,0.0,4105,0.016803592407477905,14,01,,01,,AGAGAAACAGGACATAGCTACCTACTACTGTGCCTTGTGGGAGGTGACCCTAAGGGACTGAAGAAACTCTTTGGCAGTGGAACAACACTGGTTGTCACA,AGAGAAACAGGACATAGCTACCTACTACTGTGCCTTGTGGGAGGTG--------------AAGAAACTCTTTGGCAGTGGAACAACACTGGTTGTCACA
Productive,0.06617814,,TRGV9,TRGJ1,ALWEAREEKL,GCCTTGTGGGAGGCCCGCGAAGAGAAACTC,,3,4088,0.0,4091,0.016746284175150332,15,01,,01,,AGAGAAACAGGACATAGCTACCTACTACTGTGCCTTGTGGGAGGCCCGCGAAGAGAAACTCTTTGGCAGTGGAACAACACTGGTTGTCACAG,AGAGAAACAGGACATAGCTACCTACTACTGTGCCTTGTGGGAGG---------AGAAACTCTTTGGCAGTGGAACAACACTGGTTGTCACAG
Unproductive,,0.01902178,TRGV9,TRGJ1,AVPVET,GCCGTCCCCGTCGAAACTC,,2,3469,0.0,3471,0.01420834817207206,16,01,,01,,AGAGAAACAGGACATAGCTACCTACTACTGTGCCGTCCCCGTCGAAACTCTTTGGCAGTGGAACAACACTGGTTGTCACA,AGAGAAACAGGACATAGCTACCTACTACTGTGCC---------GAAACTCTTTGGCAGTGGAACAACACTGGTTGTCACA
Productive,0.05391634,,TRGV9,TRGJ1,ALWEVKKL,GCCTTGTGGGAGGTTAAGAAACTC,,2,3331,0.0,3333,0.013643452739128833,17,01,,01,,AGAGAAACAGGACATAGCTACCTACTACTGTGCCTTGTGGGAGGTTAAGAAACTCTTTGGCAGTGGAACAACACTGGTTGTCACAG,AGAGAAACAGGACATAGCTACCTACTACTGTGCCTTGTGGGAGGTTAAGAAACTCTTTGGCAGTGGAACAACACTGGTTGTCACAG
Productive,0.0527678,,TRGV9,TRGJ1,ALWEVQGYKKL,GCCTTGTGGGAGGTGCAAGGGTATAAGAAACTC,,3,3259,0.0,3262,0.01335281813232471,18,01,,01,,AGAGAAACAGGACATAGCTACCTACTACTGTGCCTTGTGGGAGGTGCAAGGGTATAAGAAACTCTTTGGCAGTGGAACAACACTGGTTGTCACAG,AGAGAAACAGGACATAGCTACCTACTACTGTGCCTTGTGGGAGGTG------TATAAGAAACTCTTTGGCAGTGGAACAACACTGGTTGTCACAG
Unproductive,,0.01771202,TRGV9,TRGJ1,ALWEVNRRRN,GCCTTGTGGGAGGTGAACCGTCGAAGAAACTC,,2,3230,0.0,3232,0.01323001477733705,19,01,,01,,AGAGAAACAGGACATAGCTACCTACTACTGTGCCTTGTGGGAGGTGAACCGTCGAAGAAACTCTTTGGCAGTGGAACAACACTGGTTGTCACA,AGAGAAACAGGACATAGCTACCTACTACTGTGCCTTGTGGGAGGTG--------AAGAAACTCTTTGGCAGTGGAACAACACTGGTTGTCACA
Productive,0.0522178,,TRGV9,TRGJ1,ALWEVNYKKL,GCCTTGTGGGAGGTGAACTATAAGAAACTC,,4,3224,0.0,3228,0.013213640996672028,20,01,,01,,AGAGAAACAGGACATAGCTACCTACTACTGTGCCTTGTGGGAGGTGAACTATAAGAAACTCTTTGGCAGTGGAACAACACTGGTTGTCACAG,AGAGAAACAGGACATAGCTACCTACTACTGTGCCTTGTGGGAGGTG---TATAAGAAACTCTTTGGCAGTGGAACAACACTGGTTGTCACAG
Unproductive,,0.0162488,TRGV9,TRGJ1,ALWEAVLL*ET,GCCTTGTGGGAGGCGGTATTATTATAAGAAACTC,,1,2964,0.0,2965,0.012137064917946892,21,01,,01,,AGAGAAACAGGACATAGCTACCTACTACTGTGCCTTGTGGGAGGCGGTATTATTATAAGAAACTCTTTGGCAGTGGAACAACACTGGTTGTCACA,AGAGAAACAGGACATAGCTACCTACTACTGTGCCTTGTGGGAGG----ATTATTATAAGAAACTCTTTGGCAGTGGAACAACACTGGTTGTCACA
Unproductive,,0.01614468,TRGV2,TRGJ1,ATWEGET,GCCACCTGGGAAGGGGAAACTC,,1628,1318,0.0,2946,0.012059289459788042,22,01,,01,,GAAAATGACTCTGGGGTCTATTACTGTGCCACCTGGGAAGGGGAAACTCTTTGGCAGTGGAACAACACTGGTTGTCACA,GAAAATGACTCTGGGGTCTATTACTGTGCCACCTGGGA----GAAACTCTTTGGCAGTGGAACAACACTGGTTGTCACA
Unproductive,,0.01596383,TRGV10,TRGJ1,AAWS*ET,GCTGCGTGGAGTTAAGAAACTC,,1268,1645,0.0,2913,0.011924205769301617,23,01,,01,,AGAGAAAGAAGACATGGCCGTTTACTACTGTGCTGCGTGGAGTTAAGAAACTCTTTGGCAGTGGAACAACACTGGTTGTCACA,AGAGAAAGAAGACATGGCCGTTTACTACTGTGCTGCGTGG---TAAGAAACTCTTTGGCAGTGGAACAACACTGGTTGTCACA
Productive,0.04353101,,TRGV9,TRGJ1,ALWEPSYYKKL,GCCTTGTGGGAGCCCTCTTATTATAAGAAACTC,,1,2690,0.0,2691,0.011015460942392946,24,01,,01,,AGAGAAACAGGACATAGCTACCTACTACTGTGCCTTGTGGGAGCCCTCTTATTATAAGAAACTCTTTGGCAGTGGAACAACACTGGTTGTCACAG,AGAGAAACAGGACATAGCTACCTACTACTGTGCCTTGTGGGAG-----TTATTATAAGAAACTCTTTGGCAGTGGAACAACACTGGTTGTCACAG
Unproductive,,0.01421017,TRGV9,TRGJ1,ALWEVRLL*ET,GCCTTGTGGGAGGTTCGACTATTATAAGAAACTC,,1,2592,0.0,2593,0.01061430331609993,25,01,,01,,AGAGAAACAGGACATAGCTACCTACTACTGTGCCTTGTGGGAGGTTCGACTATTATAAGAAACTCTTTGGCAGTGGAACAACACTGGTTGTCACA,AGAGAAACAGGACATAGCTACCTACTACTGTGCCTTGTGGGAGGT-----TATTATAAGAAACTCTTTGGCAGTGGAACAACACTGGTTGTCACA
Productive,0.04170306,,TRGV2,TRGJ1,ATWDGLSRKKL,GCCACCTGGGACGGGCTGTCCCGTAAGAAACTC,,3,2575,0.0,2578,0.0105529016386061,26,01,,01,,GAAAATGACTCTGGGGTCTATTACTGTGCCACCTGGGACGGGCTGTCCCGTAAGAAACTCTTTGGCAGTGGAACAACACTGGTTGTCACAG,GAAAATGACTCTGGGGTCTATTACTGTGCCACCTGGGACGGG--------TAAGAAACTCTTTGGCAGTGGAACAACACTGGTTGTCACAG
Unproductive,,0.01410604,TRGV2,TRGJ1,ATWDGRAIRN,GCCACCTGGGACGGGCGGGCTATAAGAAACTC,,1,2573,0.0,2574,0.01053652785794108,27,01,,01,,GAAAATGACTCTGGGGTCTATTACTGTGCCACCTGGGACGGGCGGGCTATAAGAAACTCTTTGGCAGTGGAACAACACTGGTTGTCACA,GAAAATGACTCTGGGGTCTATTACTGTGCCACCTGGGACGGG-----TATAAGAAACTCTTTGGCAGTGGAACAACACTGGTTGTCACA
Productive,0.04015012,,TRGV9,TRGJ1,ALWEGKL,GCCTTGTGGGAGGGGAAACTC,,1,2481,0.0,2482,0.010159930902645593,28,01,,01,,AGAGAAACAGGACATAGCTACCTACTACTGTGCCTTGTGGGAGGGGAAACTCTTTGGCAGTGGAACAACACTGGTTGTCACAG,AGAGAAACAGGACATAGCTACCTACTACTGTGCCTTGTGGGAGG-GAAACTCTTTGGCAGTGGAACAACACTGGTTGTCACAG
Unproductive,,0.01357994,TRGV10,TRGJ1,AAWLL*ET,GCTGCGTGGCTATTATAAGAAACTC,,3,2475,0.0,2478,0.010143557121980572,29,01,,01,,AGAGAAAGAAGACATGGCCGTTTACTACTGTGCTGCGTGGCTATTATAAGAAACTCTTTGGCAGTGGAACAACACTGGTTGTCACA,AGAGAAAGAAGACATGGCCGTTTACTACTGTGCTGCGTGG-TATTATAAGAAACTCTTTGGCAGTGGAACAACACTGGTTGTCACA
Productive,0.03777217,,TRGV9,TRGJ1,ALWEVLDYYKKL,GCCTTGTGGGAGGTGCTGGATTATTATAAGAAACTC,,4,2331,0.0,2335,0.009558194463206068,30,01,,01,,AGAGAAACAGGACATAGCTACCTACTACTGTGCCTTGTGGGAGGTGCTGGATTATTATAAGAAACTCTTTGGCAGTGGAACAACACTGGTTGTCACAG,AGAGAAACAGGACATAGCTACCTACTACTGTGCCTTGTGGGAGGTG----ATTATTATAAGAAACTCTTTGGCAGTGGAACAACACTGGTTGTCACAG
Unproductive,,0.01269215,TRGV10,TRGJ1,AACMVQET,GCTGCGTGTATGGTCCAAGAAACTC,,6,2310,0.0,2316,0.009480419005047218,31,01,,01,,AGAGAAAGAAGACATGGCCGTTTACTACTGTGCTGCGTGTATGGTCCAAGAAACTCTTTGGCAGTGGAACAACACTGGTTGTCACA,AGAGAAAGAAGACATGGCCGTTTACTACTGTGCTGCGTG--------AAGAAACTCTTTGGCAGTGGAACAACACTGGTTGTCACA
Productive,0.03744864,,TRGV9,TRGJ1,ALWEVLRKL,GCCTTGTGGGAGGTGCTGAGGAAACTC,,2,2313,0.0,2315,0.009476325559880962,32,01,,01,,AGAGAAACAGGACATAGCTACCTACTACTGTGCCTTGTGGGAGGTGCTGAGGAAACTCTTTGGCAGTGGAACAACACTGGTTGTCACAG,AGAGAAACAGGACATAGCTACCTACTACTGTGCCTTGTGGGAGGTG-----GAAACTCTTTGGCAGTGGAACAACACTGGTTGTCACAG
Unproductive,,0.01244554,TRGV9,TRGJ1,AFFR*QRRN,GCCTTTTTTCGATGACAGAGGAGAAACTC,,860,1411,0.0,2271,0.00929621397256573,33,01,,01,,AGAGAAACAGGACATAGCTACCTACTACTGTGCCTTTTTTCGATGACAGAGGAGAAACTCTTTGGCAGTGGAACAACACTGGTTGTCACA,AGAGAAACAGGACATAGCTACCTACTACTGTGCCTT----------------AGAAACTCTTTGGCAGTGGAACAACACTGGTTGTCACA
Unproductive,,0.01241266,TRGV9,TRGJ1,ALWEVFIRN,GCCTTGTGGGAGGTGTTTATAAGAAACTC,,4,2261,0.0,2265,0.009271653301568199,34,01,,01,,AGAGAAACAGGACATAGCTACCTACTACTGTGCCTTGTGGGAGGTGTTTATAAGAAACTCTTTGGCAGTGGAACAACACTGGTTGTCACA,AGAGAAACAGGACATAGCTACCTACTACTGTGCCTTGTGGGAGGTG-TTATAAGAAACTCTTTGGCAGTGGAACAACACTGGTTGTCACA
Unproductive,,0.01233046,TRGV10,TRGJ1,AASGEET,GCTGCCTCCGGAGAGGAAACTC,,911,1339,0.0,2250,0.00921025162407437,35,01,,01,,AGAGAAAGAAGACATGGCCGTTTACTACTGTGCTGCCTCCGGAGAGGAAACTCTTTGGCAGTGGAACAACACTGGTTGTCACA,AGAGAAAGAAGACATGGCCGTTTACTACTGTGCTGC----------GAAACTCTTTGGCAGTGGAACAACACTGGTTGTCACA
Unproductive,,0.01207837,TRGV10,TRGJ1,AAWDTQ*ET,GCTGCGTGGGATACCCAATAAGAAACTC,,1,2203,0.0,2204,0.009021953146426627,36,02,,01,,AGAGAAAGAAGACATGGCCGTTTACTACTGTGCTGCGTGGGATACCCAATAAGAAACTCTTTGGCAGTGGAACAACACTGGTTGTCACA,AGAGAAAGAAGACATGGCCGTTTACTACTGTGCTGCGTGGGAT-----ATAAGAAACTCTTTGGCAGTGGAACAACACTGGTTGTCACA
Unproductive,,0.0118208,TRGV10,TRGJ1,AAWALRN,GCTGCGTGGGCCCTAAGAAACTC,,5,2152,0.0,2157,0.00882956122361263,37,02,,01,,AGAGAAAGAAGACATGGCCGTTTACTACTGTGCTGCGTGGGCCCTAAGAAACTCTTTGGCAGTGGAACAACACTGGTTGTCACA,AGAGAAAGAAGACATGGCCGTTTACTACTGTGCTGCGTGGG---TAAGAAACTCTTTGGCAGTGGAACAACACTGGTTGTCACA
Unproductive,,0.01174407,TRGV10,TRGJ1,RNGVIIRN,CGCAACGGGGTTATTATAAGAAACTC,,6,2137,0.0,2143,0.008772252991285055,38,01,,01,,AGAGAAAGAAGACATGGCCGTTTACTACTGTCGCAACGGGGTTATTATAAGAAACTCTTTGGCAGTGGAACAACACTGGTTGTCACA,AGAGAAAGAAGACATGGCCGTTTACTACTGT----------TTATTATAAGAAACTCTTTGGCAGTGGAACAACACTGGTTGTCACA
Unproductive,,0.01160707,TRGV9,TRGJ1,ALWEGIIIRN,GCCTTGTGGGAGGGAATTATTATAAGAAACTC,,1,2117,0.0,2118,0.008669916862128674,39,01,,01,,AGAGAAACAGGACATAGCTACCTACTACTGTGCCTTGTGGGAGGGAATTATTATAAGAAACTCTTTGGCAGTGGAACAACACTGGTTGTCACA,AGAGAAACAGGACATAGCTACCTACTACTGTGCCTTGTGGGAGGGAATTATTATAAGAAACTCTTTGGCAGTGGAACAACACTGGTTGTCACA
Unproductive,,0.01160707,TRGV10,TRGJ1,AAWDYMGN,GCTGCGTGGGATTATATGGGAAACTC,,2,2116,0.0,2118,0.008669916862128674,39,02,,01,,AGAGAAAGAAGACATGGCCGTTTACTACTGTGCTGCGTGGGATTATATGGGAAACTCTTTGGCAGTGGAACAACACTGGTTGTCACA,AGAGAAAGAAGACATGGCCGTTTACTACTGTGCTGCGTGGGATTA-----GAAACTCTTTGGCAGTGGAACAACACTGGTTGTCACA
Unproductive,,0.01149747,TRGV9,TRGJ1,ALWEVPLL*ET,GCCTTGTGGGAGGTGCCCCTATTATAAGAAACTC,,2,2096,0.0,2098,0.008588047958803567,40,01,,01,,AGAGAAACAGGACATAGCTACCTACTACTGTGCCTTGTGGGAGGTGCCCCTATTATAAGAAACTCTTTGGCAGTGGAACAACACTGGTTGTCACA,AGAGAAACAGGACATAGCTACCTACTACTGTGCCTTGTGGGAGGTG----TATTATAAGAAACTCTTTGGCAGTGGAACAACACTGGTTGTCACA
Unproductive,,0.01003973,TRGV10,TRGJ1,AAWAVRGI*ET,GCTGCGTGGGCTGTCCGCGGGATATAAGAAACTC,,6,1826,0.0,1832,0.007499191544579665,41,02,,01,,AGAGAAAGAAGACATGGCCGTTTACTACTGTGCTGCGTGGGCTGTCCGCGGGATATAAGAAACTCTTTGGCAGTGGAACAACACTGGTTGTCACA,AGAGAAAGAAGACATGGCCGTTTACTACTGTGCTGCGTGGG------------TATAAGAAACTCTTTGGCAGTGGAACAACACTGGTTGTCACA
Unproductive,,0.00980408,TRGV10,TRGJ1,AARGLMV*ET,GCTGCGCGTGGGCTGATGGTATAAGAAACTC,,2,1787,0.0,1789,0.007323173402430687,42,01,,01,,AGAGAAAGAAGACATGGCCGTTTACTACTGTGCTGCGCGTGGGCTGATGGTATAAGAAACTCTTTGGCAGTGGAACAACACTGGTTGTCACA,AGAGAAAGAAGACATGGCCGTTTACTACTGTGCTGCG-------------TATAAGAAACTCTTTGGCAGTGGAACAACACTGGTTGTCACA
Unproductive,,0.0097986,TRGV9,TRGJ1,ALWEVRVMGIL*ET,GCCTTGTGGGAGGTGCGGGTAATGGGAATATTATAAGAAACTC,,2,1786,0.0,1788,0.007319079957264433,43,01,,01,,AGAGAAACAGGACATAGCTACCTACTACTGTGCCTTGTGGGAGGTGCGGGTAATGGGAATATTATAAGAAACTCTTTGGCAGTGGAACAACACTGGTTGTCACA,AGAGAAACAGGACATAGCTACCTACTACTGTGCCTTGTGGGAGGTG-------------TATTATAAGAAACTCTTTGGCAGTGGAACAACACTGGTTGTCACA
Unproductive,,0.00962324,TRGV9,TRGJ1,ALWEALRVIIRN,GCCTTGTGGGAGGCGTTAAGAGTAATTATAAGAAACTC,,2,1754,0.0,1756,0.007188089711944264,44,01,,01,,AGAGAAACAGGACATAGCTACCTACTACTGTGCCTTGTGGGAGGCGTTAAGAGTAATTATAAGAAACTCTTTGGCAGTGGAACAACACTGGTTGTCACA,AGAGAAACAGGACATAGCTACCTACTACTGTGCCTTGTGGGAGG-----------ATTATAAGAAACTCTTTGGCAGTGGAACAACACTGGTTGTCACA
Unproductive,,0.00961776,TRGV9,TRGJ1,ALWEVEIIIRN,GCCTTGTGGGAGGTGGAAATTATTATAAGAAACTC,,2,1753,0.0,1755,0.007183996266778008,45,01,,01,,AGAGAAACAGGACATAGCTACCTACTACTGTGCCTTGTGGGAGGTGGAAATTATTATAAGAAACTCTTTGGCAGTGGAACAACACTGGTTGTCACA,AGAGAAACAGGACATAGCTACCTACTACTGTGCCTTGTGGGAGGTG--AATTATTATAAGAAACTCTTTGGCAGTGGAACAACACTGGTTGTCACA
Unproductive,,0.00892177,TRGV2,TRGJ1,ATWDGVGN,GCCACCTGGGACGGGGTTGGAAACTC,,2,1626,0.0,1628,0.006664128730663589,46,01,,01,,GAAAATGACTCTGGGGTCTATTACTGTGCCACCTGGGACGGGGTTGGAAACTCTTTGGCAGTGGAACAACACTGGTTGTCACA,GAAAATGACTCTGGGGTCTATTACTGTGCCACCTGGGACGGG----GAAACTCTTTGGCAGTGGAACAACACTGGTTGTCACA
Productive,0.02227507,,TRGV9,TRGJ1,ALWEADYKKL,GCCTTGTGGGAGGCTGATTATAAGAAACTC,,2,1375,0.0,1377,0.0056366739939335145,47,01,,01,,AGAGAAACAGGACATAGCTACCTACTACTGTGCCTTGTGGGAGGCTGATTATAAGAAACTCTTTGGCAGTGGAACAACACTGGTTGTCACAG,AGAGAAACAGGACATAGCTACCTACTACTGTGCCTTGTGGGAGG---ATTATAAGAAACTCTTTGGCAGTGGAACAACACTGGTTGTCACAG
Productive,0.02094859,,TRGV9,TRGJ1,ALWEVIFYYKKL,GCCTTGTGGGAGGTGATCTTCTATTATAAGAAACTC,,1,1294,0.0,1295,0.005301011490300582,48,01,,01,,AGAGAAACAGGACATAGCTACCTACTACTGTGCCTTGTGGGAGGTGATCTTCTATTATAAGAAACTCTTTGGCAGTGGAACAACACTGGTTGTCACAG,AGAGAAACAGGACATAGCTACCTACTACTGTGCCTTGTGGGAGGTG------TATTATAAGAAACTCTTTGGCAGTGGAACAACACTGGTTGTCACAG
Productive,0.02038241,,TRGV10,TRGJ1,AMNYYKKL,GCCATGAATTATTATAAGAAACTC,,2,1258,0.0,1260,0.005157740909481647,49,01,,01,,AGAGAAAGAAGACATGGCCGTTTACTACTGTGCCATGAATTATTATAAGAAACTCTTTGGCAGTGGAACAACACTGGTTGTCACAG,AGAGAAAGAAGACATGGCCGTTTACTACTGTGC---GAATTATTATAAGAAACTCTTTGGCAGTGGAACAACACTGGTTGTCACAG
Productive,0.01861917,,TRGV2,TRGJ1,ATWDGRRYKKL,GCCACCTGGGACGGGCGGCGTTATAAGAAACTC,,2,1149,0.0,1151,0.004711555386359822,50,01,,01,,GAAAATGACTCTGGGGTCTATTACTGTGCCACCTGGGACGGGCGGCGTTATAAGAAACTCTTTGGCAGTGGAACAACACTGGTTGTCACAG,GAAAATGACTCTGGGGTCTATTACTGTGCCACCTGGGACGGG-----TTATAAGAAACTCTTTGGCAGTGGAACAACACTGGTTGTCACAG
Productive,0.01837652,,TRGV9,TRGJ1,ALWEVHYKKL,GCCTTGTGGGAGGTGCATTATAAGAAACTC,,1,1135,0.0,1136,0.0046501537088659926,51,01,,01,,AGAGAAACAGGACATAGCTACCTACTACTGTGCCTTGTGGGAGGTGCATTATAAGAAACTCTTTGGCAGTGGAACAACACTGGTTGTCACAG,AGAGAAACAGGACATAGCTACCTACTACTGTGCCTTGTGGGAGGTG-ATTATAAGAAACTCTTTGGCAGTGGAACAACACTGGTTGTCACAG
Productive,0.01687211,,TRGV9,TRGJ1,ALWEAPYYYKKL,GCCTTGTGGGAGGCCCCTTATTATTATAAGAAACTC,,1,1042,0.0,1043,0.004269463308404252,52,01,,01,,AGAGAAACAGGACATAGCTACCTACTACTGTGCCTTGTGGGAGGCCCCTTATTATTATAAGAAACTCTTTGGCAGTGGAACAACACTGGTTGTCACAG,AGAGAAACAGGACATAGCTACCTACTACTGTGCCTTGTGGGAGG------ATTATTATAAGAAACTCTTTGGCAGTGGAACAACACTGGTTGTCACAG
Unproductive,,0.00512399,TRGV10,TRGJ1,AAWG*GGIIIRN,GCTGCGTGGGGATAAGGTGGAATTATTATAAGAAACTC,,2,933,0.0,935,0.0038273712304486827,53,02,,01,,AGAGAAAGAAGACATGGCCGTTTACTACTGTGCTGCGTGGGGATAAGGTGGAATTATTATAAGAAACTCTTTGGCAGTGGAACAACACTGGTTGTCACA,AGAGAAAGAAGACATGGCCGTTTACTACTGTGCTGCGTGGG---------GAATTATTATAAGAAACTCTTTGGCAGTGGAACAACACTGGTTGTCACA
Productive,0.01462357,,TRGV3,TRGJ1,ATWDRRYYKKL,GCCACCTGGGACAGGCGATATTATAAGAAACTC,,1,903,0.0,904,0.003700474430294769,54,01,,01,,GAAAATGATTCTGGGGTCTATTACTGTGCCACCTGGGACAGGCGATATTATAAGAAACTCTTTGGCAGTGGAACAACACTGGTTGTCACAG,GAAAATGATTCTGGGGTCTATTACTGTGCCACCTGGGACAGG---TATTATAAGAAACTCTTTGGCAGTGGAACAACACTGGTTGTCACAG
Unproductive,,0.00474586,TRGV10,TRGJ1,AAWV*GIVI*ET,GCTGCGTGGGTCTAAGGGATTGTGATATAAGAAACTC,,7,859,0.0,866,0.0035449235139770685,55,02,,01,,AGAGAAAGAAGACATGGCCGTTTACTACTGTGCTGCGTGGGTCTAAGGGATTGTGATATAAGAAACTCTTTGGCAGTGGAACAACACTGGTTGTCACA,AGAGAAAGAAGACATGGCCGTTTACTACTGTGCTGCGTGGG---------------TATAAGAAACTCTTTGGCAGTGGAACAACACTGGTTGTCACA
Unproductive,,0.00425264,TRGV2,TRGJ1,ATWDGGGL*ET,GCCACCTGGGACGGGGGCGGGTTATAAGAAACTC,,1,775,0.0,776,0.003176513449014094,56,01,,01,,GAAAATGACTCTGGGGTCTATTACTGTGCCACCTGGGACGGGGGCGGGTTATAAGAAACTCTTTGGCAGTGGAACAACACTGGTTGTCACA,GAAAATGACTCTGGGGTCTATTACTGTGCCACCTGGGACGGG------TTATAAGAAACTCTTTGGCAGTGGAACAACACTGGTTGTCACA
Unproductive,,0.00378682,TRGV2,TRGJ1,ATWDGP*KL,GCCACCTGGGACGGGCCCTAGAAACTC,,406,285,0.0,691,0.0028285706098823953,57,01,,01,,GAAAATGACTCTGGGGTCTATTACTGTGCCACCTGGGACGGGCCCTAGAAACTCTTTGGCAGTGGAACAACACTGGTTGTCACA,GAAAATGACTCTGGGGTCTATTACTGTGCCACCTGGGACGGG----AGAAACTCTTTGGCAGTGGAACAACACTGGTTGTCACA
Unproductive,,0.00324428,TRGV2,TRGJ1,AHRWTI*ET,GCCCACCGCTGGACAATATAAGAAACTC,,4,588,0.0,592,0.002423319538423123,58,01,,01,,GAAAATGACTCTGGGGTCTATTACTGTGCCCACCGCTGGACAATATAAGAAACTCTTTGGCAGTGGAACAACACTGGTTGTCACA,GAAAATGACTCTGGGGTCTATTACTGTGCC-------------TATAAGAAACTCTTTGGCAGTGGAACAACACTGGTTGTCACA
Unproductive,,0.0032114,TRGV2,TRGJ1,ATWDGQGN,GCCACCTGGGACGGCCAGGGAAACTC,,296,290,0.0,586,0.0023987588674255914,59,01,,01,,GAAAATGACTCTGGGGTCTATTACTGTGCCACCTGGGACGGCCAGGGAAACTCTTTGGCAGTGGAACAACACTGGTTGTCACA,GAAAATGACTCTGGGGTCTATTACTGTGCCACCTGGGACGG-----GAAACTCTTTGGCAGTGGAACAACACTGGTTGTCACA
Productive,0.00943091,,TRGV2,TRGJ1,ATWDGYYKKL,GCCACCTGGGACGGGTATTATAAGAAACTC,,1,582,0.0,583,0.0023864785319268255,60,01,,01,,GAAAATGACTCTGGGGTCTATTACTGTGCCACCTGGGACGGGTATTATAAGAAACTCTTTGGCAGTGGAACAACACTGGTTGTCACAG,GAAAATGACTCTGGGGTCTATTACTGTGCCACCTGGGACGGGTATTATAAGAAACTCTTTGGCAGTGGAACAACACTGGTTGTCACAG
Productive,0.00841179,,TRGV9,TRGJP,ALWEVQMVLGKKIKV,GCCTTGTGGGAGGTGCAAATGGTGTTGGGCAAAAAAATCAAGGTA,,3,517,0.0,520,0.002128591486452743,61,01,,01,,AGAGAAACAGGACATAGCTACCTACTACTGTGCCTTGTGGGAGGTGCAAATGGTGTTGGGCAAAAAAATCAAGGTATTTGGTCCCGGAACAAAGCTTATCATTACAG,AGAGAAACAGGACATAGCTACCTACTACTGTGCCTTGTGGGAGGTG--------GTTGGGCAAAAAAATCAAGGTATTTGGTCCCGGAACAAAGCTTATCATTACAG
Unproductive,,0.00278394,TRGV9,TRGJP,ALWEVL*VGVGQKNQG,GCCTTGTGGGAGGTTCTATAAGTGGGAGTTGGGCAAAAAAATCAAGGTA,,12,496,0.0,508,0.00207947014445768,62,01,,01,,AGAGAAACAGGACATAGCTACCTACTACTGTGCCTTGTGGGAGGTTCTATAAGTGGGAGTTGGGCAAAAAAATCAAGGTATTTGGTCCCGGAACAAAGCTTATCATTACA,AGAGAAACAGGACATAGCTACCTACTACTGTGCCTTGTGGGAGGT-----------GAGTTGGGCAAAAAAATCAAGGTATTTGGTCCCGGAACAAAGCTTATCATTACA
Unproductive,,0.00261954,TRGV10,TRGJ1,AAWDPIIRN,GCTGCGTGGGATCCTATTATAAGAAACTC,,1,477,0.0,478,0.0019566667894700216,63,02,,01,,AGAGAAAGAAGACATGGCCGTTTACTACTGTGCTGCGTGGGATCCTATTATAAGAAACTCTTTGGCAGTGGAACAACACTGGTTGTCACA,AGAGAAAGAAGACATGGCCGTTTACTACTGTGCTGCGTGGGAT--TATTATAAGAAACTCTTTGGCAGTGGAACAACACTGGTTGTCACA
Unproductive,,0.00243869,TRGV2,TRGJ1,ATWDGLRIRN,GCCACCTGGGACGGGCTCAGAATAAGAAACTC,,1,444,0.0,445,0.0018215830989835975,64,01,,01,,GAAAATGACTCTGGGGTCTATTACTGTGCCACCTGGGACGGGCTCAGAATAAGAAACTCTTTGGCAGTGGAACAACACTGGTTGTCACA,GAAAATGACTCTGGGGTCTATTACTGTGCCACCTGGGACGGG------ATAAGAAACTCTTTGGCAGTGGAACAACACTGGTTGTCACA
Productive,0.00569413,,TRGV7,TRGJ1,VPPGRN,GCCACCTGGGAGGAACTC,,132,220,0.0,352,0.001440892698521857,65,01,,01,,GAAAATGATTCTGGATCTATTACTGTGCCACCTGGGAGGAACTCTTTGGCAGTGGAACAACACTGGTTGTCACA,GAAAATGATTCTGGATCTATTACTGTGCCACCTGGGA--AACTCTTTGGCAGTGGAACAACACTGGTTGTCACA
Productive,0.00457795,,TRGV10,TRGJ1,AAWDLRGLPIKKL,GCTGCGTGGGATTTAAGAGGATTACCAATTAAGAAACTC,,65,218,0.0,283,0.001158444982050243,66,02,,01,,AGAGAAAGAAGACATGGCCGTTTACTACTGTGCTGCGTGGGATTTAAGAGGATTACCAATTAAGAAACTCTTTGGCAGTGGAACAACACTGGTTGTCACAG,AGAGAAAGAAGACATGGCCGTTTACTACTGTGCTGCGTGGGATT----------------TAAGAAACTCTTTGGCAGTGGAACAACACTGGTTGTCACAG
Unproductive,,0.0015509,TRGV2,TRGJP,ATWD*GPGELGKKIKV,GCCACCTGGGACTAGGGCCCAGGGGAGTTGGGCAAAAAAATCAAGGTA,,75,208,0.0,283,0.001158444982050243,66,01,,01,,GAAAATGACTCTGGGGTCTATTACTGTGCCACCTGGGACTAGGGCCCAGGGGAGTTGGGCAAAAAAATCAAGGTATTTGGTCCCGGAACAAAGCTTATCATTACA,GAAAATGACTCTGGGGTCTATTACTGTGCCACCTGGGAC------------GAGTTGGGCAAAAAAATCAAGGTATTTGGTCCCGGAACAAAGCTTATCATTACA
Unproductive,,0.00140841,TRGV10,TRGJ1,AAWDQL*ET,GCTGCGTGGGATCAATTATAAGAAACTC,,1,256,0.0,257,0.0010520154077276057,67,02,,01,,AGAGAAAGAAGACATGGCCGTTTACTACTGTGCTGCGTGGGATCAATTATAAGAAACTCTTTGGCAGTGGAACAACACTGGTTGTCACA,AGAGAAAGAAGACATGGCCGTTTACTACTGTGCTGCGTGGGAT--ATTATAAGAAACTCTTTGGCAGTGGAACAACACTGGTTGTCACA
Unproductive,,0.00118372,TRGV2,TRGJ1,ATWDGLKRN,GCCACCTGGGACGGTCTAAAGAGAAACTC,,97,119,0.0,216,0.0008841841559111395,68,01,,01,,GAAAATGACTCTGGGGTCTATTACTGTGCCACCTGGGACGGTCTAAAGAGAAACTCTTTGGCAGTGGAACAACACTGGTTGTCACA,GAAAATGACTCTGGGGTCTATTACTGTGCCACCTGGGACGG-------AGAAACTCTTTGGCAGTGGAACAACACTGGTTGTCACA
Unproductive,,0.00105768,TRGV2,TRGJ1,ATWDGLRTRN,GCCACCTGGGACGGGCTGAGGACAAGAAACTC,,100,93,0.0,193,0.0007900349170872681,69,01,,01,,GAAAATGACTCTGGGGTCTATTACTGTGCCACCTGGGACGGGCTGAGGACAAGAAACTCTTTGGCAGTGGAACAACACTGGTTGTCACA,GAAAATGACTCTGGGGTCTATTACTGTGCCACCTGGGACGGG--------AAGAAACTCTTTGGCAGTGGAACAACACTGGTTGTCACA
Unproductive,,0.00100836,TRGV9,TRGJP,ALYMGWAKKSR,GCCTTGTATATGGGTTGGGCAAAAAAATCAAGGTA,,1,183,0.0,184,0.0007531939105909707,70,01,,01,,AGAGAAACAGGACATAGCTACCTACTACTGTGCCTTGTATATGGGTTGGGCAAAAAAATCAAGGTATTTGGTCCCGGAACAAAGCTTATCATTACA,AGAGAAACAGGACATAGCTACCTACTACTGTGCCTTGT------GTTGGGCAAAAAAATCAAGGTATTTGGTCCCGGAACAAAGCTTATCATTACA
Unproductive,,0.00096452,TRGV2,TRGJ1,ATWDGPGET,GCCACCTGGGACGGGCCTGGAGAAACTC,,78,98,0.0,176,0.0007204463492609285,71,01,,01,,GAAAATGACTCTGGGGTCTATTACTGTGCCACCTGGGACGGGCCTGGAGAAACTCTTTGGCAGTGGAACAACACTGGTTGTCACA,GAAAATGACTCTGGGGTCTATTACTGTGCCACCTGGGACGGG-----AGAAACTCTTTGGCAGTGGAACAACACTGGTTGTCACA
Unproductive,,0.00092615,TRGV2,TRGJ1,ATWDGLRIIRN,GCCACCTGGGACGGGCTAAGAATTATAAGAAACTC,,2,167,0.0,169,0.0006917922330971415,72,01,,01,,GAAAATGACTCTGGGGTCTATTACTGTGCCACCTGGGACGGGCTAAGAATTATAAGAAACTCTTTGGCAGTGGAACAACACTGGTTGTCACA,GAAAATGACTCTGGGGTCTATTACTGTGCCACCTGGGACGGG------ATTATAAGAAACTCTTTGGCAGTGGAACAACACTGGTTGTCACA
Productive,0.00231324,,TRGV2,TRGJ1,ATWDGRRNYYKKL,GCCACCTGGGACGGTCGTAGGAATTATTATAAGAAACTC,,1,142,0.0,143,0.0005853626587745044,73,01,,01,,GAAAATGACTCTGGGGTCTATTACTGTGCCACCTGGGACGGTCGTAGGAATTATTATAAGAAACTCTTTGGCAGTGGAACAACACTGGTTGTCACAG,GAAAATGACTCTGGGGTCTATTACTGTGCCACCTGGGACGG------GAATTATTATAAGAAACTCTTTGGCAGTGGAACAACACTGGTTGTCACAG
Unproductive,,0.0005535,TRGV7,TRGJ1,VPPG*E,GCCACCTGGGTGAGAAACTC,,3,98,0.0,101,0.00041343796179178283,74,01,,01,,GAAAATGATTCTGGATCTATTACTGTGCCACCTGGGTGAGAAACTCTTTGGCAGTGGAACAACACTGGTTGTCACA,GAAAATGATTCTGGATCTATTACTGTGCCACCTGGG--AGAAACTCTTTGGCAGTGGAACAACACTGGTTGTCACA
Unproductive,,0.00032333,TRGV10,TRGJ1,AAWGLTELL*ET,GCTGCGTGGGGCCTAACAGAATTATTATAAGAAACTC,,2,57,0.0,59,0.00024151326480906124,75,02,,01,,AGAGAAAGAAGACATGGCCGTTTACTACTGTGCTGCGTGGGGCCTAACAGAATTATTATAAGAAACTCTTTGGCAGTGGAACAACACTGGTTGTCACA,AGAGAAAGAAGACATGGCCGTTTACTACTGTGCTGCGTGGG--------GAATTATTATAAGAAACTCTTTGGCAGTGGAACAACACTGGTTGTCACA
Unproductive,,0.00025757,TRGV2,TRGJ1,ATWDGRLL*ET,GCCACCTGGGACGGCCGATTATTATAAGAAACTC,,1,46,0.0,47,0.00019239192281399794,76,01,,01,,GAAAATGACTCTGGGGTCTATTACTGTGCCACCTGGGACGGCCGATTATTATAAGAAACTCTTTGGCAGTGGAACAACACTGGTTGTCACA,GAAAATGACTCTGGGGTCTATTACTGTGCCACCTGGGACGG---ATTATTATAAGAAACTCTTTGGCAGTGGAACAACACTGGTTGTCACA
Unproductive,,0.00024661,TRGV10,TRGJ1,AAWEAPRQVIRN,GCTGCGTGGGAAGCACCCAGACAGGTTATAAGAAACTC,,3,42,0.0,45,0.0001842050324814874,77,02,,01,,AGAGAAAGAAGACATGGCCGTTTACTACTGTGCTGCGTGGGAAGCACCCAGACAGGTTATAAGAAACTCTTTGGCAGTGGAACAACACTGGTTGTCACA,AGAGAAAGAAGACATGGCCGTTTACTACTGTGCTGCGTGGGA--------------TTATAAGAAACTCTTTGGCAGTGGAACAACACTGGTTGTCACA
Unproductive,,0.00021921,TRGV2,TRGJP,ATWDVP*VGQKNQG,GCCACCTGGGACGTGCCCTGAGTTGGGCAAAAAAATCAAGGTA,,2,38,0.0,40,0.00016373780665021102,78,01,,01,,GAAAATGACTCTGGGGTCTATTACTGTGCCACCTGGGACGTGCCCTGAGTTGGGCAAAAAAATCAAGGTATTTGGTCCCGGAACAAAGCTTATCATTACA,GAAAATGACTCTGGGGTCTATTACTGTGCCACCTGGGACG------GAGTTGGGCAAAAAAATCAAGGTATTTGGTCCCGGAACAAAGCTTATCATTACA
Unproductive,,0.00020825,TRGV10,TRGJ1,AAWDWPIIIRN,GCTGCGTGGGATTGGCCTATTATTATAAGAAACTC,,1,37,0.0,38,0.00015555091631770047,79,02,,01,,AGAGAAAGAAGACATGGCCGTTTACTACTGTGCTGCGTGGGATTGGCCTATTATTATAAGAAACTCTTTGGCAGTGGAACAACACTGGTTGTCACA,AGAGAAAGAAGACATGGCCGTTTACTACTGTGCTGCGTGGGATT-----ATTATTATAAGAAACTCTTTGGCAGTGGAACAACACTGGTTGTCACA
Unproductive,,0.00016441,TRGV2,TRGJ1,ATWSFIRN,GCCACCTGGAGTTTCATAAGAAACTC,,12,18,0.0,30,0.00012280335498765827,80,01,,01,,GAAAATGACTCTGGGGTCTATTACTGTGCCACCTGGAGTTTCATAAGAAACTCTTTGGCAGTGGAACAACACTGGTTGTCACA,GAAAATGACTCTGGGGTCTATTACTGTGCCACCTGG------ATAAGAAACTCTTTGGCAGTGGAACAACACTGGTTGTCACA
Unproductive,,2.192e-05,TRGV2,TRGJ1,ATWDGVG*ET,GCCACCTGGGACGGGGTGGGGTAAGAAACTC,,3,1,0.0,4,1.6373780665021102e-05,81,01,,01,,GAAAATGACTCTGGGGTCTATTACTGTGCCACCTGGGACGGGGTGGGGTAAGAAACTCTTTGGCAGTGGAACAACACTGGTTGTCACA,GAAAATGACTCTGGGGTCTATTACTGTGCCACCTGGGACGGG------TAAGAAACTCTTTGGCAGTGGAACAACACTGGTTGTCACA
